{ "v": "5.5.7", "meta": { "g": "LottieFiles AE 0.1.20", "a": "", "k": "", "d": "", "tc": "" }, "fr": 60, "ip": 0, "op": 60, "w": 1200, "h": 1200, "nm": "Comp 1", "ddd": 0, "assets": [], "layers": [{ "ddd": 0, "ind": 1, "ty": 4, "nm": "Shape Layer 3", "sr": 1, "ks": { "o": { "a": 0, "k": 100, "ix": 11 }, "r": { "a": 0, "k": 0, "ix": 10 }, "p": { "a": 0, "k": [601, 600, 0], "ix": 2 }, "a": { "a": 0, "k": [1, 0, 0], "ix": 1 }, "s": { "a": 0, "k": [100, 100, 100], "ix": 6 } }, "ao": 0, "shapes": [{ "ty": "gr", "it": [{ "ind": 0, "ty": "sh", "ix": 1, "ks": { "a": 0, "k": { "i": [
                            [0, 0],
                            [0, 0]
                        ], "o": [
                            [0, 0],
                            [0, 0]
                        ], "v": [
                            [-333, 0],
                            [331.375, 0]
                        ], "c": false }, "ix": 2 }, "nm": "Path 1", "mn": "ADBE Vector Shape - Group", "hd": false }, { "ty": "st", "c": { "a": 0, "k": [0, 0, 0, 1], "ix": 3 }, "o": { "a": 0, "k": 100, "ix": 4 }, "w": { "a": 0, "k": 15, "ix": 5 }, "lc": 2, "lj": 2, "bm": 0, "nm": "Stroke 1", "mn": "ADBE Vector Graphic - Stroke", "hd": false }, { "ty": "tr", "p": { "a": 0, "k": [0, 0], "ix": 2 }, "a": { "a": 0, "k": [0, 0], "ix": 1 }, "s": { "a": 0, "k": [100, 100], "ix": 3 }, "r": { "a": 0, "k": 0, "ix": 6 }, "o": { "a": 0, "k": 100, "ix": 7 }, "sk": { "a": 0, "k": 0, "ix": 4 }, "sa": { "a": 0, "k": 0, "ix": 5 }, "nm": "Transform" }], "nm": "Shape 1", "np": 3, "cix": 2, "bm": 0, "ix": 1, "mn": "ADBE Vector Group", "hd": false }, { "ty": "tm", "s": { "a": 1, "k": [{ "i": { "x": [0.25], "y": [1] }, "o": { "x": [0.35], "y": [0] }, "t": 20, "s": [0] }, { "t": 47, "s": [100] }], "ix": 1 }, "e": { "a": 1, "k": [{ "i": { "x": [0.25], "y": [1] }, "o": { "x": [0.35], "y": [0] }, "t": 0, "s": [0] }, { "t": 27, "s": [100] }], "ix": 2 }, "o": { "a": 0, "k": 0, "ix": 3 }, "m": 1, "ix": 2, "nm": "Trim Paths 1", "mn": "ADBE Vector Filter - Trim", "hd": false }], "ip": 0, "op": 600, "st": 0, "bm": 0 }, { "ddd": 0, "ind": 2, "ty": 4, "nm": "Shape Layer 2", "sr": 1, "ks": { "o": { "a": 0, "k": 100, "ix": 11 }, "r": { "a": 0, "k": 0, "ix": 10 }, "p": { "a": 0, "k": [601, 600, 0], "ix": 2 }, "a": { "a": 0, "k": [1, 0, 0], "ix": 1 }, "s": { "a": 0, "k": [100, 100, 100], "ix": 6 } }, "ao": 0, "shapes": [{ "ty": "gr", "it": [{ "ind": 0, "ty": "sh", "ix": 1, "ks": { "a": 0, "k": { "i": [
                            [0, 0],
                            [0, 0]
                        ], "o": [
                            [0, 0],
                            [0, 0]
                        ], "v": [
                            [-333, 0],
                            [331.375, 0]
                        ], "c": false }, "ix": 2 }, "nm": "Path 1", "mn": "ADBE Vector Shape - Group", "hd": false }, { "ty": "st", "c": { "a": 0, "k": [0.891764681947, 0.891764681947, 0.891764681947, 1], "ix": 3 }, "o": { "a": 0, "k": 100, "ix": 4 }, "w": { "a": 0, "k": 15, "ix": 5 }, "lc": 2, "lj": 2, "bm": 0, "nm": "Stroke 1", "mn": "ADBE Vector Graphic - Stroke", "hd": false }, { "ty": "tr", "p": { "a": 0, "k": [0, 0], "ix": 2 }, "a": { "a": 0, "k": [0, 0], "ix": 1 }, "s": { "a": 0, "k": [100, 100], "ix": 3 }, "r": { "a": 0, "k": 0, "ix": 6 }, "o": { "a": 0, "k": 100, "ix": 7 }, "sk": { "a": 0, "k": 0, "ix": 4 }, "sa": { "a": 0, "k": 0, "ix": 5 }, "nm": "Transform" }], "nm": "Shape 1", "np": 3, "cix": 2, "bm": 0, "ix": 1, "mn": "ADBE Vector Group", "hd": false }], "ip": 0, "op": 600, "st": 0, "bm": 0 }], "markers": [] }